Employee_ID,Department,Salary_USD,Performance_Score
26,nan,,8.64372662221736
424,Finance,41053.926977804964,10.107701616439153
776,HR,72909.42572590742,8.070864772666981
346,123,40216.27222384968,1.1260751997575904
522,123,57462.53566027221,7.170665161178013
292,Finance,67522.70443423622,5.512393441809881
723,Engineering,43762.310393041946,9.469688542070605
149,Sales,43481.63892197841,7.764679372263622
393,True,49255.665708999535,7.9415057350983105
961,Sales,24460.788650980452,6.782983994203606
163,True,53711.45873371309,4.281927536093115
539,HR,61950.46628924843,9.237903842212948
738,HR,38569.95087269516,4.587155254170135
503,HR,55906.54830692309,5.820410581120825
386,True,44375.332241057324,1.6964114816240574
42,123,,10.684887775943839
297,nan,44754.79733720226,5.639313768123328
355,True,31591.257686683548,9.19063513861656
53,Finance,32966.17560644845,10.280836403260498
938,HR,54865.01643826202,5.579957590035715
821,123,42980.08312193245,1.4685190852760313
818,Finance,55432.98029036388,4.175867952611167
730,Engineering,53649.61002466225,10.263826067300867
244,Sales,60941.91518470948,7.5417460147407445
927,HR,63902.075490173134,4.480955931682881
988,Engineering,33864.38602123259,5.596648704026612
787,123,51042.01103951876,4.21495701247882
472,True,54714.15556386404,5.304274103209902
51,123,66286.15545571291,2.2809574636620003
429,Sales,60318.44539468635,8.266709920703232
823,nan,35973.947282003064,8.069764874557162
389,Sales,56218.09962217196,3.271795570235149
604,nan,50268.85838994531,7.884050184921369
869,123,62276.68992473292,8.675676285179183
442,True,44771.39972846732,6.983574842977588
550,123,44979.45775647389,4.838388830449794
276,Engineering,44531.41058759608,6.125026487703317
14,Finance,,1.1210847523488745
684,Engineering,53465.038817307155,6.4302458395766315
281,Engineering,47450.227825791444,3.013637821359744
402,Engineering,54591.80079228437,8.660647765353026
506,Sales,55072.74031107298,3.806832155159743
671,Sales,49744.45929008555,5.4404374920220295
381,True,49650.115095030385,7.3414213829573685
529,Marketing,49047.04467613048,10.928168389990704
417,HR,50961.20776940983,5.225484283119446
228,nan,38745.10952701623,2.3924537111759516
34,Marketing,,4.819396396528959
307,Engineering,39189.366724001025,3.037664591276891
200,Finance,52482.20586300336,1.8060151375712465
498,Engineering,60441.60877069072,1.4564874550238374
957,Engineering,54369.3816974635,2.9583308413427005
479,Sales,43872.113095156135,7.07089578718754
538,123,42998.791850608264,4.093727178627821
211,123,47301.250647066285,10.56614621083458
631,Sales,43485.819963855516,4.842067129858002
807,True,43986.323560487865,6.525009674078891
599,Engineering,49963.974609094315,4.188668183211388
388,123,59725.5444962673,9.557372589057863
557,True,56502.01177958661,1.8018001408190345
476,True,34842.55885002768,7.019234310151315
516,Finance,46066.61187672639,6.720486433693008
922,123,49908.810033557966,3.6558283295860607
814,Engineering,63641.40429973844,2.3382836299969316
463,nan,43622.60015748684,6.989785081772105
748,123,54535.3430151398,1.1431527766705998
904,123,28471.09407047517,
633,HR,46796.5269180568,1.3095579091934353
771,HR,43118.49654822276,6.225765993367451
383,Engineering,43730.329422122326,7.7617756207543405
622,Marketing,56351.718016819694,3.178925542549901
24,True,,1.9839564971339732
190,nan,27888.64690992115,10.406792451153406
400,Sales,60807.80725554622,10.383048184484826
374,True,57003.098794089914,8.488263369633064
658,Finance,49614.91530499293,9.336499619375855
268,True,38934.74091258329,10.456981470002823
903,nan,38966.33393826126,
142,Sales,50480.84946661382,5.809728898861238
885,True,60913.10120594269,7.448326040223138
454,nan,47860.11155774491,3.395101699095381
106,Marketing,64799.44138890026,5.0149431586128825
912,HR,47097.254558113484,4.118638579168832
143,Engineering,52597.22501721482,7.423255259052274
578,nan,57090.03757588512,5.86000493797603
15,True,,10.5650139829948
257,123,47404.08648636395,6.233909113743664
236,Engineering,54714.68357135996,6.60168183461842
770,Sales,60098.170893426344,10.551152072917015
866,Sales,58335.28961608925,4.687071708647952
585,nan,51281.0441491079,7.522916485919397
31,HR,,3.9544477747742026
758,Finance,51255.764534715425,7.136041142374584
524,123,71632.5472330546,4.452231428016921
750,Marketing,59640.871682883575,9.341445970006758
408,True,37232.514241796904,6.6044063098044
27,nan,,3.6504642832500402
973,Sales,35210.88431225871,8.077213502675274
862,Sales,42300.26768941358,6.0040114571020125
172,HR,45674.41812180379,5.21248053294072
373,Marketing,41416.422198187865,5.503509789054126
223,nan,32212.797510957214,1.6536615756438524
397,True,53801.978510059635,1.3318935456242622
612,Marketing,56408.4286126701,1.2544775990575088
780,Finance,74397.52406339273,3.9529049404794327
415,Finance,59382.838059759975,10.768003285106593
305,Marketing,46390.3383418092,8.756118509253275
710,True,49192.83419891418,5.9232548000118195
739,HR,66334.31532301096,9.04437207679505
491,True,44823.88700963829,8.435939161765598
781,Sales,63842.72818510518,3.3238432305604784
447,Finance,39958.592332479326,10.028949951919872
184,Finance,46484.865159586916,1.261967085320648
457,nan,38772.77978437701,6.828068350834896
673,nan,55436.001545944324,5.888978317924514
259,True,47542.56935914056,9.60139693349435
721,Marketing,56127.7390506257,9.539619669554222
636,Marketing,44262.99996061421,1.2335209632818591
351,Engineering,52560.29734313876,1.7940658464302952
510,Marketing,56487.09887589642,1.0766403264922533
5,Finance,,2.5016900081704163
243,Engineering,50557.24912288695,3.565300624442478
737,Engineering,56387.302220291844,3.9939558837168123
654,HR,60470.98302612155,2.541450431784871
486,nan,42017.02755461546,4.845113276448125
971,True,44537.55551747517,5.699882681579366
416,Sales,44839.552717826264,2.107205933263157
655,nan,66839.27691457869,6.537114853580112
437,True,72988.9812361925,1.9653447019544081
932,Engineering,46947.752956453325,10.741944438163571
329,True,49623.652975751516,7.542925523249618
926,Finance,58177.66299200287,6.179605277125789
774,Engineering,46751.68616491377,6.006242680704178
844,123,72105.23001591352,4.876488054556471
70,nan,42071.27167737656,3.522410201733616
119,True,43493.57430878173,8.457337827312323
829,123,47050.50321707972,4.162701497293067
226,Marketing,49444.15329089545,1.6265320345535452
939,nan,50644.7441481012,4.980052929545028
431,Sales,52670.50265869259,9.29394664858847
669,HR,44496.9484615458,6.80467600993696
649,True,45168.135377006256,10.61135485407593
897,nan,57081.08676688591,1.1469338865495384
527,Finance,52493.836837107556,5.935465803401186
222,Finance,37553.45296688583,8.767105569551813
845,HR,44425.08214992166,7.327118787486009
656,HR,45411.1573713106,6.41704812410004
806,Engineering,36659.74505081795,9.039585075525203
677,Engineering,61487.65700372103,7.234059581594401
406,Engineering,52076.87687163111,10.071950307058298
652,True,35356.2511979018,4.403871042545057
178,Finance,46739.76467832159,4.83832951933044
913,HR,52673.92314071903,8.739913781527626
395,Finance,51777.01000933254,4.053106766967312
180,Finance,45919.24626978449,6.877693608621982
333,Engineering,46363.87787786144,1.834640849893833
839,Engineering,48147.123411222914,4.7731805396319285
2,Engineering,,7.139335847600618
736,Finance,61870.3030556038,2.3443512940812186
80,Engineering,47790.30400466777,10.373880664971189
690,Marketing,45062.43416838688,9.69969159647685
263,HR,47690.65469791322,6.4353821734264605
334,Finance,49430.543762789326,9.824163684073387
786,Sales,52811.91423969376,10.061110021324971
217,Engineering,58696.0592010566,10.062545805210366
448,nan,42322.024348958716,9.522638743911815
250,Finance,33451.43328134231,4.495063720868188
893,Sales,51920.49116490032,2.115122123212764
934,Sales,48130.28697014554,1.2359496464552913
958,Sales,61906.462747863414,2.408029488926761
828,Marketing,58949.24376944441,8.409040561520715
535,Finance,60736.317498597724,10.07611002556555
328,123,53991.361143520706,9.939897100078705
13,Finance,,1.712567277652586
469,HR,64205.04247989855,9.789789002822673
360,Finance,42742.561868465345,9.216368977104716
782,Finance,55639.091200523595,3.810044989087136
888,nan,46835.91550305198,2.992152748940531
752,HR,37723.921848630074,2.428502873008386
990,True,47906.76322848134,5.328160022094693
231,nan,51093.94794604893,4.4734332625884266
530,Marketing,52790.21525770339,2.314891198979816
131,Engineering,55009.17187624381,9.861957804650745
398,nan,56105.85745283823,4.0394640124072385
145,True,56385.92458777374,6.799837874281312
157,123,55298.04177915283,8.848969771114675
467,True,43626.128726934825,7.692002629380784
608,True,43180.15752002201,2.4259414408190874
9,123,,1.4167290060238427
371,Engineering,54933.17900880889,2.419719897609939
300,True,57129.98430172388,5.9781250803429025
229,Sales,74457.51979616826,6.324206822752171
286,Finance,29266.097675918507,6.193858595039373
942,HR,48559.12444278385,3.282353634936991
294,Marketing,62715.550949941586,8.720124763099903
856,HR,47964.19639897638,2.0536492225085645
502,HR,46407.0790921294,4.313470071030507
365,123,40767.66753889096,4.352080473708727
216,HR,40778.34675822375,3.469787990719998
795,Sales,51798.94151153479,2.2292067846538757
350,123,54725.97482413043,9.902580530178021
101,123,43534.27115757474,1.093316198270933
568,True,64437.646040732594,9.736985934663451
584,Marketing,35692.248978819516,8.29173487549448
523,nan,56454.841811410755,2.138383934766014
485,HR,48230.5277250595,2.0422480280834767
676,HR,21514.573793699245,9.80314762148927
473,Finance,44477.76955719029,4.169465877911193
287,Sales,46573.12405919651,3.048812741507126
923,Sales,60858.95565831578,1.175523633666289
917,Marketing,48250.402433045914,2.255502147626534
159,Sales,25283.554998727108,8.886149646724064
440,Finance,64533.84477117701,5.687679654645058
815,Engineering,51252.245026479075,7.2955769689173655
249,Sales,39878.956247398324,7.085272726964666
227,HR,52799.6862631982,10.06437453344411
130,Engineering,57553.91225825756,8.220709382027371
158,Marketing,64415.686206579005,8.076809347409156
826,Engineering,43070.948022040924,1.038199226585831
731,Finance,74034.15585238276,1.1911609442976403
484,nan,70102.0453876635,6.123637775457906
441,Sales,65795.72145730713,4.012652607600003
75,HR,69647.25132916389,8.764474464997246
896,Engineering,48475.30163619456,9.354802257421944
60,HR,56696.725488300384,3.40692711832505
842,True,48529.979983715115,7.870192665032428
293,Sales,59356.78393147461,10.849896561408752
703,Sales,47409.578541792966,6.887315221313198
564,123,52433.394493226915,1.1013118402774338
819,Engineering,50488.60070325704,1.0013469300448532
64,Sales,39407.86478111048,7.458108126552061
969,nan,44234.8959927328,10.174858431319903
461,Marketing,52891.686439078185,1.6364090928664234
534,Sales,51940.899928983075,5.110210752655457
618,True,43530.63222294426,4.112174950633936
67,Engineering,40142.73953664456,9.61369996363436
679,Marketing,46375.590585968675,7.2066047982458405
330,True,61033.01882016521,2.5210428322227285
632,Engineering,45161.141659456785,1.3899601257491159
900,Finance,36687.67046442222,1.1932763091760104
777,Sales,36104.275332364035,1.5022601146397376
871,HR,66725.72386837704,9.221798868164234
288,HR,46285.59134004208,9.778300781520409
920,True,41015.32018208963,9.071555373648826
482,nan,53344.56789987025,8.026337730855163
66,Marketing,59551.42320501238,9.159469389686173
602,True,58773.62290575671,7.010741668002329
916,nan,59920.42349536523,10.760138232792135
49,nan,,9.117697880901375
267,Engineering,47311.11309445169,2.6577454016327575
980,nan,48414.7042697303,10.579341210567705
220,123,68767.95812558066,8.593982624179638
556,True,58724.573282801444,1.7100766453325547
380,Sales,42968.23574874113,10.791049380151545
347,Finance,54082.52755714472,6.597556836383825
812,Finance,55524.89954417148,5.966954228179466
712,Marketing,30017.993154678923,9.655771456245523
598,123,49522.8864385802,5.309852205132962
953,HR,46118.231814587714,10.627683502532062
589,Engineering,45538.165667852205,7.729666223944324
136,HR,55433.60192379935,1.0321826360427868
224,Engineering,64960.44311489183,5.875711936733843
863,Marketing,52337.85911790748,5.327291360197046
779,True,60225.7043200964,5.028732826326371
146,123,33384.7993773104,6.614845879595237
232,Engineering,57257.666238986916,9.998333456872725
57,True,29325.578999601235,5.394049896944522
30,Engineering,,10.678600348450304
804,Sales,40316.555451363645,8.139526325065898
435,Engineering,44827.11549899628,8.036859774607958
765,HR,40086.076505436926,4.488205339694793
968,nan,57591.55160302647,4.451922084942105
965,123,38298.86973940641,4.881657061269955
850,nan,66391.16805444067,7.663854135782064
233,Engineering,54810.09231736713,1.218233967754895
320,nan,56060.0995134564,4.1676167706752665
943,True,37903.05257158892,3.4660363497802464
895,Engineering,51335.409047822825,3.675926767279715
120,HR,45128.74616235304,3.024805601652374
470,Engineering,44292.53706250524,6.717723520483222
935,True,50566.49924897107,9.985606046748394
963,nan,36331.21301584579,9.111237699334708
144,True,40956.83374895591,1.6485359448296835
298,123,54893.74561227918,10.092202058615602
117,Sales,36014.324261808586,8.609907600280938
617,Sales,50596.303699201744,5.096288948952321
422,Marketing,45212.513783365226,9.583416767991208
253,Engineering,37100.39100258946,3.2531692995123507
251,nan,58231.70583961914,2.1409578488793337
846,HR,36301.970204209225,8.038570916343312
933,Sales,43904.87797840717,9.470608269838994
549,Marketing,54400.14450053332,2.144876380659051
62,123,40601.202136726446,2.974704898599373
241,Marketing,40103.95179741419,8.308209649807297
887,Sales,39076.87235327421,8.132068832826178
103,Marketing,66871.41635072565,8.264617151130048
547,HR,35519.86099583756,7.037954529493877
788,True,49374.068721004776,5.764369863437916
269,123,75733.5980324986,9.49975371480662
71,Marketing,48929.69640045442,8.550419287462784
609,Engineering,39983.79990105084,9.900970351838083
945,HR,65307.508323436974,8.474444065966939
975,Engineering,49846.90150827004,2.473030442789703
911,Finance,59190.764829877684,7.775422674589532
711,123,50786.3519031609,6.772790292331313
48,123,,8.480731794295322
724,Sales,69140.31353866786,9.930902051954149
356,123,37204.23033264298,6.407937549855443
944,HR,55999.287299962045,5.840770697102016
323,Engineering,29180.70592116278,3.769044873778089
843,Sales,59638.79116794909,5.938140404569287
316,True,60490.092258368895,6.3302886724614
195,123,53384.96407494414,2.8610141784627734
634,Sales,54241.65946401916,4.879867599468695
686,nan,54770.408272231216,10.640288471655138
705,HR,49283.98740585936,3.857835555258702
372,True,51848.36123694874,4.479414115821666
72,Marketing,39647.57677580626,5.6053949727414
152,Finance,46154.44455770175,9.250494101800621
426,HR,45602.689417258254,9.049067768414385
992,Engineering,60399.04687396076,2.6574977982015593
487,Finance,36206.807719854725,5.876670686212644
713,Sales,59163.276747024815,10.807393435834294
936,Sales,55296.927543567304,8.83198413298626
410,nan,60531.52853332904,5.470555438064254
725,Sales,48093.17599236654,1.6245759361907144
662,Finance,34236.078430157504,2.9462383670487196
11,Finance,,8.163233880626823
28,Marketing,,1.2094496103091281
396,Engineering,36646.556412898986,3.126443763710961
201,123,45406.39100459756,8.279393069737651
759,Sales,48269.281757161305,1.8860471396967906
115,123,59261.77547531641,6.542265141320167
490,HR,67945.57863517788,7.0065106654835585
122,HR,41360.09230320184,4.679407513020845
235,Engineering,42095.25544554688,10.633944342135504
796,123,63920.02286344599,9.886590802653986
967,HR,55414.62728204788,3.5990497924283282
898,Engineering,59567.02316794584,4.790940486719362
246,nan,65295.503194606135,6.653302545716099
364,Marketing,35933.38903151778,9.282492524372184
492,HR,52237.87951638899,6.062660594952027
587,nan,58406.43548988724,7.924928266692253
579,Marketing,49102.64305712773,6.771998867345508
573,Sales,55697.67280232204,6.3396747254776376
792,True,49016.6037320525,7.034930960433787
732,Sales,49423.81202966414,5.768434683178171
910,nan,49011.10346808857,
45,Engineering,,10.799703293588507
775,Marketing,25005.94285126427,8.945155444907487
540,Marketing,34768.13095216225,10.550605114849889
160,Engineering,42031.04744529523,6.172690564416094
808,Sales,53197.81934142537,6.201698923107512
793,HR,40114.088928490826,4.578140841135489
165,Marketing,50865.897874729,1.8860042967961723
239,Finance,65931.86626639398,5.187933190741614
285,Marketing,62460.85192497629,8.56751505688635
430,Engineering,35144.39626963028,4.047510953861333
664,nan,63800.91354147452,4.424479788347133
706,HR,49627.777634901584,3.0322309108608727
87,nan,34848.089378014476,6.05852692951829
261,Sales,23031.133570584283,1.6766836190000158
640,True,54363.23669674032,10.000831830164808
513,123,62065.089665083564,2.0802575413069135
607,123,47528.22617479403,5.305293384622075
35,nan,,3.0568726219555513
727,Finance,58700.67730688754,5.483190553694222
6,True,,8.374337687214856
459,Finance,51664.52208213056,9.556960938375394
841,123,50438.1147197911,1.8928952452557293
762,Marketing,35599.49117405705,5.075430310324308
465,Engineering,43768.594735752355,1.938572848233562
644,Sales,39772.07434801594,9.884036723086812
682,HR,61608.2678737852,1.3945953289089932
466,123,44445.228808397456,10.096268194365924
497,Finance,45105.605574817775,5.724933550065136
959,Marketing,59495.54135441324,7.224136415659967
177,Finance,58711.247034316926,9.398022856356173
110,123,55389.10043684659,8.330712960296747
36,HR,,2.2138641815940643
614,Marketing,55725.827813561584,7.369023174547433
55,123,53840.65448939307,4.721670238375133
755,Marketing,47024.364966400084,7.585405156700549
302,Sales,46251.791924504025,7.5678010472429404
989,Marketing,64711.70327493609,6.465771420322949
541,123,44410.78152728412,9.211982825502265
394,True,56206.72097550678,6.126547531450529
344,Marketing,42216.95274597687,5.2748968792061515
52,nan,36198.98541785109,4.382675059944984
747,Finance,66137.11269058647,3.9461939634619316
577,HR,51965.2116970147,3.9504070765415626
952,Engineering,46975.30313511872,6.444823328002629
277,Sales,49672.46729784002,9.064036172328395
742,nan,42457.24149980642,10.574480190380962
23,Marketing,,2.7410933533408435
234,Engineering,52238.84024279132,7.637896861755891
312,123,37488.86423614697,7.345824175503037
572,Finance,54567.53219153784,1.6644384435577488
646,HR,33314.15926122411,9.267073597414875
196,Marketing,45847.120860991985,9.026433097957105
891,123,73193.29539981694,4.677859877561529
533,Sales,45535.66385449472,5.218281785388314
291,Sales,38894.24154534171,3.3879621138153926
698,Marketing,70767.4798356084,2.487959694051156
627,HR,70752.60872625266,5.855896996593978
849,123,41963.254320302694,8.130460506343187
704,True,48036.501509150214,4.753299079196019
720,Engineering,39600.940728744696,2.092642103096214
21,nan,,7.613706110704144
348,Engineering,32974.1639576216,6.2739962212267635
610,True,47188.99707114045,4.458774607378574
133,Sales,50993.32305429226,4.915256981778294
455,HR,49505.362903475674,8.945782787001903
692,nan,45718.84839034088,8.90509794274885
767,HR,43610.38252310498,9.082352100092221
385,HR,57077.51935455475,7.8632719668609745
121,True,44076.06075761131,10.580734801193802
242,123,48742.13079900352,10.812970904972467
3,HR,,1.6665204056068996
982,True,40667.32040926804,3.418932941128892
906,Marketing,74929.99517432791,
207,True,54789.79825746392,7.102251494776413
881,HR,48887.739386513,2.366009036511726
734,True,60506.54396007612,8.227069576982284
801,Sales,40175.1260646169,1.7177580622651303
907,Marketing,49939.29088460107,
501,123,55839.28185325964,10.715326909010507
135,123,33305.94718878628,7.956181464968068
860,123,37760.59733237744,4.600504659009784
214,123,53773.00493044852,3.8218707469320012
976,Marketing,55792.914996010884,1.0784159077191682
205,Engineering,50715.662372193925,8.655128989911098
772,HR,72524.35805344308,3.9956567795387388
186,HR,66764.37312275282,9.316970436757735
987,Engineering,36280.98857068644,9.069654908839937
150,True,50473.98671316414,9.049889996807698
784,Engineering,58534.15558780308,10.29228053631854
865,Engineering,53308.80232214457,3.0888272400516374
18,True,,3.9653558128765525
92,Engineering,53112.50154543536,6.0836054691628
335,nan,53078.01768892059,9.036035354415352
460,Finance,54924.51264008149,6.214456890435894
947,HR,47865.57129069792,1.578444494471606
995,Engineering,56779.25871339269,1.4997902865967874
880,HR,35862.8550309502,3.953014775718328
543,Finance,65655.2402923434,7.36401370183407
687,nan,50768.218910602554,10.09454610937242
597,HR,40330.23856870787,10.166352358412073
188,123,47808.99471191136,6.180787662388155
123,Marketing,50485.21627944827,4.2693161633807915
363,Sales,43884.82197008052,5.942124472502999
878,Marketing,40793.264069206336,7.778132003100442
445,Engineering,36555.49488965723,8.431931987316034
562,Finance,43080.919301187554,4.61919990837865
532,True,51866.09123156358,4.945760755976464
949,nan,51486.67457202112,10.427243190941123
56,Engineering,49673.05251905907,5.32076882944196
741,123,53026.354652390335,3.1070496386720317
908,Finance,58384.907744516415,
37,Engineering,,7.150129680388666
182,123,39919.13689082596,4.622354416522883
353,Sales,66654.74444462577,2.8741194409758224
766,Finance,28466.098863962852,2.1099809879131484
444,True,47182.153911394926,3.9991911150698467
643,True,56135.17972730417,4.139667173773528
894,HR,46908.83535797499,6.158619027123281
594,Engineering,57604.146561442976,8.983803405183526
107,nan,50773.68307647618,9.000709686991595
719,True,61081.82816737516,3.004745155284028
623,123,60495.527153193354,10.880359661555918
209,nan,60375.39944257899,8.513750860290457
657,123,60786.808334312955,8.6190181260487
264,Sales,56962.063648134186,1.8172534574677826
238,nan,63454.20046154978,1.5225787928602377
974,Finance,51833.599197791555,1.6220322616470275
666,HR,53958.03533437409,10.664173858664073
321,True,37195.706475037165,9.57179256998753
358,True,50260.91050210834,4.143501131837484
689,123,59962.6681944714,6.333866287653626
948,True,64907.261368499516,10.57789800988204
174,Engineering,45790.15519179737,8.85651618080232
77,Engineering,43002.74492007415,2.774287694697069
319,123,34433.708264760964,8.932613504382545
799,Sales,40103.71863429662,6.858647884535192
545,Sales,44448.00473306802,3.5760722033372185
275,Sales,44263.37993119764,1.6227310588188562
531,Sales,56078.96509716539,3.747315255195195
785,Marketing,57589.28589786765,5.051026945275664
663,HR,64765.40349725896,1.5764758219902488
138,Sales,55705.986685931595,4.5549301044135735
304,nan,54442.6331148604,4.804200075075624
94,nan,61195.74911434577,6.650219928590161
616,Finance,59246.336829127686,1.71711888847651
16,HR,,8.37508359459007
648,Sales,56471.95939702741,3.8840543781874572
161,123,55770.7212718054,5.401989979554905
314,123,48150.97863557011,4.959704726624549
892,123,53933.178393943715,1.5809195208034978
905,Finance,53885.786045309644,
434,True,60654.80375065351,2.12580390411937
61,Finance,53665.98246096848,2.2150137630091806
203,123,58303.358165442456,5.3685070261517955
296,Engineering,38709.482287827705,1.6520459126049205
813,Sales,52239.141340646616,3.842740929275167
432,nan,58896.30795623437,3.8152119841492995
299,HR,37778.721911080545,6.387017979527142
641,nan,50380.034781682,2.161389602005256
366,123,36483.15394383666,2.737615931357438
746,Marketing,54219.207542352844,9.28469299449117
225,Marketing,56543.65656354058,1.3361360018328263
63,HR,44861.330826633064,9.869249002092696
768,True,36769.10206592502,10.476880259644707
744,HR,53287.6241030348,10.978208556819782
864,Marketing,34441.04353796373,5.57699605159294
743,Marketing,49358.616534070075,1.088632851134689
668,Engineering,52606.73765823907,4.472770390305076
695,Marketing,46513.47865592141,3.7576756825135695
951,Finance,43865.9733645906,10.913279015642205
493,Sales,49835.77103927248,7.341040313763314
924,123,54746.982328799524,3.933086107805647
931,123,39348.863369246275,7.464587416379305
981,Engineering,49726.95460490068,6.296597239456199
377,Engineering,75600.84538268794,4.523749466096544
694,Engineering,58502.21742113493,8.942106625494054
554,Engineering,44359.213692632715,5.1894779018747546
778,True,33546.01253043108,1.7290183536790351
879,HR,51693.60824036078,7.077521222527226
825,True,37561.36764608715,9.393384923560024
576,nan,63291.52530132431,5.22034260127639
409,Engineering,39189.43459591738,2.1098946921348105
127,Marketing,47610.5195313359,10.963343376272473
341,Finance,50184.33933065393,7.346712732539414
507,True,60666.74689589154,3.0699257843842678
884,True,62360.93175210437,4.1562734376335
54,Engineering,49444.52301103381,3.2461561184385195
370,123,76323.8206483739,3.3987411275594472
590,HR,31104.59269054469,3.753811742554185
176,nan,70754.00798645438,5.099048896962882
714,Engineering,53464.884758979926,5.075842085738169
46,Engineering,,7.018815896363221
237,nan,68820.24496475034,10.368224620330919
757,Marketing,48499.44412967473,9.459214396777321
783,True,55947.54341665286,9.034827432968846
83,HR,44694.988523894724,2.3172877345456193
817,Sales,51222.975030322836,8.486452341262
941,Engineering,40606.646061812455,1.6569485895436578
7,HR,,6.122219208126745
68,Sales,55040.46515517844,9.465143386902781
301,Sales,47596.74601841865,2.054736999566306
449,123,49653.15112613219,7.678046832264065
284,123,60915.06851922462,4.302150648714975
25,Engineering,,7.603027197013382
708,True,50519.458858073,4.865405068230279
809,nan,34070.06266468331,2.428759613394117
688,HR,37170.077758114305,8.22143235455906
79,123,48876.7195030917,10.846697395245082
873,Marketing,42949.88144241591,3.1199405469865806
874,Sales,49442.30922342294,7.573534821701285
701,Marketing,60302.83454031842,5.834074359731466
630,123,51979.10783462648,10.640174071177023
413,nan,50283.18376130461,6.466482201877884
258,nan,34968.570468818936,2.1476887186921747
508,Finance,61692.95590445673,6.16572628445979
639,Marketing,67275.43170100711,3.8924477197265452
991,Marketing,43309.27261340083,1.4389994264300512
838,HR,54137.990974514985,10.09943143854392
798,123,34294.993963768226,5.49349742039642
745,Finance,53213.57215450273,7.768212988573956
956,Finance,50030.460201534144,3.253812680067658
481,Engineering,52858.65390724905,6.916971623063255
717,Finance,70883.74704780728,6.735289514555733
647,HR,53992.23122605279,10.840131632104644
134,HR,57513.87123371789,5.126218408486237
309,True,55931.01257968384,3.8713795808457556
414,Sales,50297.561394957454,4.804005489704096
822,Engineering,43370.99082449052,3.761695578208995
678,True,32602.862212219003,6.693773611822827
621,Engineering,58951.932200277326,4.6459372819753995
108,Engineering,41387.157986717364,3.0403563462889887
148,Finance,37889.83800237543,7.034876665964548
834,Engineering,71451.49127773388,4.1334791758514315
20,Finance,,8.746535311811819
230,HR,51292.21181975227,5.110956026007066
955,Finance,51605.73981049865,4.656807482613713
219,True,54134.349032237005,3.71949726128631
295,Marketing,57216.72064043235,1.2716742122555982
439,123,45544.97478599228,1.124040362773148
847,Marketing,49117.17951648745,1.0436326965030909
665,Sales,43744.37298490471,3.7024769213078326
166,Sales,48443.227646079205,3.2061195271121123
586,123,43189.483425251194,9.456043629899067
909,123,50818.29358547565,
208,Engineering,53336.62105286948,2.3535408227768553
345,Finance,51958.452550976814,2.6223340578247933
98,Engineering,52034.63635867223,8.61121537043158
387,Finance,56324.07739055521,2.748814371759594
583,Engineering,49598.420493556565,4.431673531726583
204,Sales,41439.161740911324,8.295082286523968
425,True,48131.28355838641,8.539619035967839
468,Sales,61890.165311075514,9.292867993167555
800,Finance,59407.71187988216,7.2478386278940246
882,nan,40960.9235853521,7.516397604772766
637,Sales,49756.45407739017,8.562136139501767
412,True,56815.006973726246,9.645636095226699
325,nan,52110.17467202619,2.4071152804875844
570,123,61172.958315881275,2.2055841640369023
518,nan,62784.51862607299,3.9348882320812164
928,Engineering,55578.103063518625,4.717392949063303
921,HR,50281.81157369128,2.2020722912057624
756,nan,63757.06813311619,8.661159327955861
574,Marketing,54477.08560017315,2.4213712379345766
218,HR,63556.37858804951,3.495461998495061
392,Finance,47524.81364448495,7.428819100587076
642,nan,51200.31326718261,10.559188289553193
361,Engineering,51867.66764477079,5.592651971732139
338,Finance,57432.64094022715,5.177609792750997
29,True,,1.8217166747642735
918,Engineering,42442.54840507155,1.16947664889581
890,Sales,51417.16913639905,3.8740959646557975
697,123,46783.64948782617,10.440420938253979
853,HR,55689.83079185276,10.50772707731338
624,Marketing,44647.64788439432,5.540016211961149
526,123,52191.50327663939,9.742225246851758
215,Finance,57569.88616645352,3.6170568373590597
591,Sales,45476.936807509235,4.063134987782127
794,Engineering,38964.10682784229,7.478174459905284
840,HR,48701.79300266574,10.640784164901081
716,True,21037.44621806311,8.645277946547177
289,Sales,35924.88305282179,9.795818549515293
670,123,43283.766320619485,2.391967013456955
559,True,68466.36996047666,10.417257116189251
964,123,47752.345981073166,7.359547071637285
197,Marketing,56327.81866106285,5.581868867378926
983,Engineering,45567.1774880849,6.006035711547075
735,Marketing,61055.259329579836,7.92532431537108
50,nan,,7.564786073315027
318,Sales,35915.3870363644,7.958991181688025
33,Engineering,,7.2466356885426375
59,Finance,36955.30499495147,10.430758377447075
118,nan,55629.69236690571,1.3531135494023907
69,Engineering,44697.423816275594,10.189265336395545
569,123,49178.488216074315,8.239730554660937
517,True,50287.44822934818,6.126677259564164
97,Marketing,33935.536797424276,7.362913539792481
996,HR,45120.885918542976,9.436496640518238
140,Sales,31951.17899335481,1.9299063982313216
683,123,45322.98798688109,5.7554603748682664
331,Sales,51142.276486620394,5.40323418368349
565,Engineering,47587.6394214367,7.360960464095422
126,True,49497.61890550863,9.766507618282006
12,123,,1.7208433599867337
113,True,41243.817466152424,4.553845686857394
124,123,41690.49883588962,2.488880503324447
464,Sales,44690.03044998182,2.1493299705956685
500,Engineering,68467.07325736033,3.7681430779130576
210,HR,44899.83601145253,7.569551562671395
179,Sales,62012.139221639445,6.718722712271865
595,Engineering,57858.001586508326,9.224223736682784
626,Marketing,51975.996046923996,2.4055296757836078
919,Engineering,55365.098435704036,8.70158211757096
375,Sales,44243.62173762226,7.511475848816741
773,Sales,59817.65486991595,1.768620752761635
519,True,51910.99068019904,10.317537194328164
722,Finance,39465.84436826344,5.391498166337483
763,HR,65945.05063224972,5.071064891256277
376,Engineering,51220.098146453616,7.2092856747843115
514,nan,41830.64329012764,4.388606493387516
151,Finance,41395.866347160474,3.6982072012821434
428,Engineering,51965.54776511575,10.62810357074026
993,Marketing,43943.84460263136,5.455416387418909
95,nan,48720.82408519233,7.888853020500907
660,Marketing,58836.599374866724,4.023332493514937
89,Engineering,66449.67713501284,8.328015447662505
458,True,53824.09746184051,10.954375161913099
555,Sales,37196.956013291056,8.51178047808418
592,True,25761.206733710434,8.889851599207933
659,Engineering,48273.7270005918,5.404413503124241
483,HR,56585.4427267283,3.374334683748063
240,True,44887.843235688146,3.6015779096205116
525,Marketing,46922.21765046999,6.074119387178088
977,True,51195.80368414153,7.309217902291634
336,True,32898.31607343374,6.052067735766382
820,Sales,50405.916912038825,6.111291392372298
453,nan,59843.223984765835,1.7896916219082861
868,nan,53740.56569847572,1.523550201874724
339,Engineering,51708.65438127942,10.841103190364977
168,123,52544.20843301213,8.356631142391898
929,nan,50103.52619843381,1.0135362571546815
674,nan,46293.85667913894,5.017788006543243
270,Finance,50592.184340144886,7.690223373291083
78,Engineering,52139.799107342216,6.450269188969383
488,Engineering,42690.69960058081,7.522242595454725
419,True,45655.03772567684,8.399041207669303
43,Marketing,,8.987141916545745
369,Finance,40506.01111168057,2.0063747852353333
452,nan,40016.45959261209,2.8533017952871447
128,Sales,40924.36337958402,4.683095305068483
544,Marketing,49342.497389270124,1.5113538144210072
100,HR,35777.462904023254,5.6155747441978985
474,Engineering,56329.318177555106,5.345959608587117
65,123,49373.20902726828,3.859067892391601
192,Finance,57708.65193886967,5.296568127389351
183,nan,31292.08078974144,4.3451128874193214
836,Engineering,53098.20710227027,9.918721448107348
175,True,52897.74856896413,2.183361909233873
76,Marketing,50352.63551971729,7.561618376810715
561,Engineering,34744.748290752614,7.786699566725648
575,123,56427.22759867544,1.1170661073090407
337,HR,36518.14577894287,10.671266152591704
789,True,42460.35411133324,3.260289978159997
966,Sales,31980.1956241998,7.74130295536063
308,Marketing,56159.35606944264,6.233296311947413
340,Engineering,48160.16663647321,7.67919998803627
262,nan,49457.05133482188,8.078350972297686
1000,Finance,52992.92580406492,3.419771303170454
960,123,35151.020315500966,8.81321855747305
73,Sales,44463.50694652818,9.419985528900614
477,Sales,65475.052013300614,9.925232899548462
803,Sales,55500.52099024552,3.419316803155296
418,Marketing,45377.247112949575,1.420246751714053
950,HR,46629.14028881961,8.851895431484085
313,Engineering,59240.27019206901,8.979141596158941
638,123,71422.70358611865,5.585230088818907
802,nan,47753.66850002975,7.826172212234024
167,True,61677.820616598074,6.982252940637388
378,Sales,49039.401002753504,9.4144755308476
407,nan,52715.788371953735,7.707323119058341
1,123,,7.366696821672074
198,Engineering,72706.92857804397,5.829688720853552
423,nan,62557.56125573521,3.9221823046189774
96,nan,40444.59559399574,9.733229158608077
104,Engineering,58816.397569494504,10.918099513493635
194,123,61437.54043206929,9.419335667918087
88,Sales,63668.742674445246,9.407030280112
489,Sales,49668.73027126203,10.505310525862035
81,123,56141.66700043425,1.4317373579701167
563,123,49544.13983644502,6.9366079120853845
729,HR,51504.189051435766,7.265925110932102
191,123,52356.14558108566,3.5929675886577375
102,Marketing,39184.51996385605,3.46678864521623
635,Marketing,55228.35488035499,2.6002493646319405
153,Sales,60062.92809214441,5.982556822634536
111,True,39627.538456735434,7.159854502601791
436,True,64093.4744018558,6.406984766449103
994,Engineering,68260.09713546936,3.0918546540792784
827,Finance,42815.927344308024,3.4682386920190225
726,HR,52174.32873179723,9.834647629860607
915,Engineering,43319.09546356951,6.212960476541389
480,Engineering,46122.98440064016,7.313075530919887
859,Marketing,43507.22454933993,1.4818601239329623
521,True,36401.43859020081,1.870927667957715
805,nan,51053.7550614596,9.225347943841967
162,Sales,47969.54613957007,2.4745252670628393
443,Sales,45798.13182904143,3.972378077086172
32,Sales,,8.692231478381336
202,True,41501.55630535208,5.964611523552998
972,123,53918.04005402546,9.901411373960146
998,Engineering,43942.850769966615,8.931428739967394
901,HR,31637.946268967033,
857,Finance,44183.19086051356,8.818238633449356
310,nan,46904.535606860096,8.928544190338393
213,HR,45557.067399238884,1.5705472115125432
22,HR,,2.8519556786746794
504,True,61087.03580582907,2.9609771273839294
528,Marketing,65774.53279763475,8.022587660316642
551,Sales,39787.671828692866,5.562365089555421
914,Marketing,53216.97806196014,8.72921481876115
47,True,,6.824226582072464
379,Marketing,61492.73326285676,5.712871673981645
496,123,44691.31227079679,4.618530932051387
382,nan,67708.0063563551,2.262647415645027
185,Sales,50184.18379189551,1.2419176389135524
206,HR,45223.42553234883,2.5890816766935356
411,Finance,49604.44846143345,5.6035827120192625
831,HR,43265.09375756131,4.6023391880042785
537,True,51329.69674146876,7.079052140907038
702,True,52387.891590265135,9.635475225145452
542,Marketing,53772.11875064521,1.015651051914729
306,HR,61593.29803364248,10.644766539008117
343,Finance,44602.40319690639,9.81927758304644
169,123,53376.02662075202,10.983475113929497
751,True,61894.70488924641,8.404761319535192
420,nan,46908.278765313604,10.180765521991507
511,Sales,48328.81919683146,3.1906880910185778
38,Sales,,8.74633780637788
342,Engineering,53475.81705361671,2.65954895295785
691,Marketing,34434.181013402485,2.3065234382346294
384,HR,68124.48557996929,4.25104015431699
515,Marketing,53686.733088729015,9.025856795798129
212,123,40212.362842176924,1.6895801635642118
317,Finance,42956.56309457241,2.57954822835348
85,123,47249.48302848356,9.17785329856945
830,True,62477.42072673734,2.018923880660135
391,Finance,42728.628241751314,3.792760884544104
680,Marketing,38803.30105373856,3.0131210782243327
650,HR,65739.86763290034,4.894818949024204
986,Marketing,67117.08480142344,3.74703815047892
326,nan,49032.868881296075,3.0201566840249
566,Marketing,53520.55396514297,10.132869475762368
851,123,66777.0081407644,10.660475051286772
761,Engineering,39037.24913104798,1.7764933467160506
509,True,63821.589910375274,1.0550579916042082
999,True,57420.95372009307,9.53784921704667
810,HR,54404.74737960399,8.753461504031357
254,HR,37049.21227936384,3.50966661340298
581,nan,43236.076979407306,2.2300329512374564
279,Sales,42871.54217322836,1.5195657755426841
837,Finance,56337.76880932099,5.338174195765295
248,Sales,45731.1893005258,10.72005329631537
181,HR,29618.75464822146,2.844762531336394
471,HR,41676.44426895771,6.174463517550413
433,HR,50822.839892754244,9.727538395661279
290,True,42221.833124091245,9.70578425046007
4,123,,6.18408021945204
816,HR,45705.94458874747,1.5433203482290383
536,nan,39734.8470058894,8.140326444668563
164,Engineering,43960.148132841794,5.340193661738753
189,123,58294.05581183489,3.9872557358877305
40,Finance,,6.303021332491583
283,nan,23490.30191606988,2.647063534322959
280,Marketing,51064.30227691897,8.862781993840331
367,nan,40241.267470226674,8.120140203307807
707,Engineering,57276.2954363698,8.617981913776973
940,Marketing,30245.33433646129,4.029157288331926
271,nan,50139.29291912946,5.622955610006072
475,Finance,52029.230208513,8.738796557301564
505,123,58204.82181197364,7.107800710757683
494,nan,61883.93273448084,1.7093221613377343
558,nan,49008.24136220617,4.547712918359842
615,nan,63993.55436586002,4.406041665812917
112,123,48096.61321916392,2.880247346154161
147,Finance,49339.20201352683,6.606600944161709
368,Marketing,60536.4179660784,9.259782127080818
553,HR,52438.00713771199,2.2102500048519307
221,Finance,42262.10800896427,5.4973984245054
852,Marketing,44464.11758292005,8.61037790250783
875,Marketing,55583.26912521722,5.722818041629817
946,123,62187.61851697317,5.7380982839794665
399,True,55597.9044793104,7.53162790531283
84,True,44241.8175935532,8.259799099852955
791,nan,33070.43185804614,10.78981115174809
132,HR,40224.44755201449,6.930443341867841
462,HR,74553.00139910894,9.313735143857098
405,True,54296.18219132586,3.60286857566003
645,True,47426.23462576655,7.029428764794615
552,Engineering,57083.56447299353,4.690530217609166
877,Marketing,55387.55992446369,3.157406791764541
902,Engineering,55079.913269125434,
303,Finance,57109.59968203492,9.221031606002255
199,HR,51818.66255058495,2.3347997241594376
700,Finance,54300.4164719107,10.809873781626852
109,nan,65231.240772696576,6.550849493022863
403,Finance,49298.34288541353,8.884473432532987
282,Engineering,65039.92988582689,3.5862083488803878
588,Finance,43473.76020697609,5.299310773901482
99,nan,42436.492547156966,2.60071634954573
661,True,56523.2287841342,3.5933489731709445
824,123,67495.76743186939,1.6268962162186587
651,123,37742.34336997659,4.855119047369223
256,Finance,66690.21525289393,6.612227882825249
709,True,57326.400772155794,6.112754622007511
997,Sales,71573.08213265504,10.811925291641158
733,Sales,52010.99046714968,7.877220424305607
749,Sales,47558.433647093516,8.3786951856153
970,Finance,24089.5770785509,3.905045056714204
278,nan,44565.75228866235,5.59239877596958
401,True,58339.22154548904,9.71204482263052
193,Sales,35214.137542201584,9.727302504846019
105,Marketing,49920.27358683383,1.991780995872159
41,Finance,,1.4195122343163626
715,True,59980.101098596526,9.27518922106303
315,Finance,44772.7697948096,10.150900684070432
266,Marketing,61265.65029547757,5.8469628713004695
855,123,46208.72259012513,3.9805220863944317
628,nan,43108.12181910432,1.2753671986946549
899,123,42140.10539492051,4.373455467690927
979,True,61965.715016644914,2.3427485090227553
58,Sales,49108.79960487212,7.129395824945255
769,Engineering,66420.15160136369,1.723164752579386
114,nan,36172.00269035664,8.837917844853973
324,Marketing,66964.56368290038,10.83521472715222
82,Engineering,57575.07710047305,2.6481481572943713
91,True,55765.569630557664,6.903476904587729
693,HR,65007.59790634311,2.248208139668483
861,Engineering,50340.83468259226,10.567998154842861
116,Engineering,69094.1664047013,1.0522961354291274
685,Sales,49530.79421120816,3.277497361032096
984,HR,41151.97285973099,7.796203327351078
17,Engineering,,4.532514085020642
718,Engineering,48604.10371844826,10.56047143611933
858,Finance,39852.43269307133,7.441492214759159
925,Sales,49749.73041254856,8.731418739186715
359,Sales,55176.59020469123,5.7116789893281465
625,HR,63173.94065634326,7.88274235780237
611,HR,67976.86526849522,2.544597472233238
675,Engineering,57716.987106483444,10.938483888996982
954,Engineering,51704.16222375488,1.7560504061675077
629,123,67359.63803165249,6.054551179104499
404,Sales,33390.39066484009,7.649849034759953
835,Sales,38124.01580970487,8.889324717760072
753,Marketing,55974.00069849858,8.53427922256969
327,Finance,44550.8091319105,2.8422483923802613
605,123,52083.82807947553,4.7455288702012135
985,True,48270.53940076577,1.7623921797356448
672,nan,61727.290192593646,7.262343214210638
129,Engineering,44232.286694316674,5.486106309545425
499,Sales,56818.914896263115,2.400240975533177
546,True,68811.5706944059,1.5952470034777169
667,nan,54940.301862827386,6.577088262500439
962,Sales,59343.19911239274,2.469627095882097
760,123,50155.790475814676,5.876278096672109
438,True,46371.61439560341,3.41893828258839
265,Finance,68489.56094945344,5.583006415286564
740,Engineering,38536.54606981312,3.7875987241455302
10,Marketing,,1.8479201604580322
173,Finance,53944.52142378297,7.361773647082327
653,123,52244.51818559972,6.414076073475852
876,Finance,50760.05391412412,9.80156737921485
451,nan,65505.00492814077,9.923024981396523
349,True,60291.55637325643,8.193536223691586
889,Engineering,62130.976999791834,9.902150026361744
155,HR,58356.921120651416,1.585509292439792
937,nan,49295.01221940909,8.803761235709803
790,123,47193.24923133226,7.404760421758439
603,Engineering,47790.35826170336,8.055858626438246
456,Finance,56748.194921666036,1.3467026672648332
567,Marketing,37484.60575809556,7.125734683448192
322,HR,67547.94181984365,10.061432547657663
872,True,54190.19009366045,9.503480011198954
764,Marketing,41530.386516816725,1.6600984414024158
170,nan,45881.23033877533,10.331133313435577
728,Finance,54956.818879726045,6.104324890042323
171,True,45123.93775927507,7.425651995351915
255,Sales,46642.15300709872,9.506160578411379
156,Marketing,38702.93145342382,4.342383186960608
512,Marketing,51467.13686433323,1.3672136250082114
613,Engineering,44288.21010217203,7.458223862864843
548,Engineering,28011.94043379918,7.865899134926067
74,Marketing,38021.22107411151,8.284906771616132
421,Marketing,52221.337716337126,3.8003732955048943
137,Sales,43373.76241054153,7.195893374598407
44,True,,3.928220367009647
86,Finance,26980.78835264415,3.1351136631067194
93,Marketing,80788.80808455238,3.9754845131882055
854,Finance,66283.96623128538,8.02540501534807
754,Marketing,57011.72742310898,8.68922782107641
600,nan,38416.353108074574,6.821987465941138
596,Engineering,54254.575617849645,9.575623376612837
187,Marketing,53269.273737641626,3.7307080997281243
593,HR,34160.97176514276,5.4641951640158215
39,Sales,,7.439042535411307
427,Sales,64469.77884353733,1.180065556004545
833,Finance,41646.529467402426,9.427119021605549
606,Finance,29582.651315757095,2.668602016987528
495,HR,75269.32425873622,3.54391580841847
352,Sales,59826.90983945514,8.314964903403624
478,True,67958.77673095521,5.433800143791878
8,HR,,7.802277792083533
362,Sales,42446.170676466776,4.577982653254418
141,True,33724.57562116838,6.882022669483905
520,Marketing,50464.36548156149,4.9701504123719165
247,Sales,48419.92101421011,5.639324866883362
930,Sales,36881.6376764984,3.9980052756523587
450,nan,52342.14732536521,6.932215701073843
848,Marketing,75797.09337654318,2.6695308874719874
245,123,33075.353702851804,2.9809763275974013
811,Finance,49803.62201073319,3.7140938044671437
619,123,56982.233136135896,7.7712063973500936
273,True,51980.84760767855,7.509734671509541
354,True,60143.7006501813,9.581770531571639
125,HR,52704.56825779839,4.056042154902149
571,nan,53427.253463777044,10.024533072858418
797,HR,59183.166060023126,6.030839507798364
883,Finance,42644.70057410233,8.385974581323307
620,Finance,53934.853854217494,7.057792494526904
260,Finance,47272.7643025233,8.228143032084837
390,Sales,34297.752801095434,9.3704112524294
154,Finance,44231.081304768515,1.7705827913433116
978,True,40269.31059118445,5.4767342541041835
886,HR,56091.38120907177,4.951309076115033
870,nan,37903.58981308794,5.16504431903879
311,True,53261.33022242118,6.775933658811575
19,True,,4.497032297458496
274,True,48556.395880760574,6.4543186940690545
601,HR,65033.983017671504,4.711724234376276
357,Marketing,43751.81422304321,8.102427986233115
139,123,42367.408434574834,8.941973312770843
332,Sales,51503.01761461877,7.15298025069802
446,Finance,40813.480535158014,1.4814283597835345
90,Marketing,47509.63960443622,6.422372054918483
699,Marketing,53819.35452231553,5.626756050653935
832,HR,52789.94162223802,3.7039328638452553
696,Engineering,46507.42295681571,9.770905810181889
560,nan,39299.15233673847,7.6857264672291405
252,Sales,50733.17967188404,2.5124682873493454
867,HR,30062.643574285445,4.698132559871766
580,Marketing,64401.17215449473,1.4373907230894736
272,True,49758.749128899966,5.1176554158450855
681,True,37053.18524279094,4.951377432643186
582,Sales,68009.40432910816,6.586423964504253
